A Estrada	a-estrada	Spain
A R?a	a-rua	Spain
Aarey Milk Colony, Goregaon East	aarey-milk-colony,-goregaon-east	India
Abbeville	abbeville	USA
Abbots Langley	abbots-langley	United Kingdom
Aberdeenshire	aberdeenshire	United Kingdom
Abiquiu	abiquiu	USA
Abraham Gonz?lez	abraham-gonzalez	Mexico
Acapulco	acapulco	Mexico
Acton	acton	USA
Adel	adel	USA
Adelaide Village	adelaide-village	The Bahamas
Agaete	agaete	Spain
Agoura Hills	agoura-hills	USA
Agra	agra	India
Aguascalientes Municipality	aguascalientes-municipality	Mexico
Aiea	aiea	USA
A?t Benhaddou	ait-benhaddou	Morocco
Aix-en-Provence	aix-en-provence	France
Ajax	ajax	Canada
Al Munast?r	al-munastir	Tunisia
Al Q'nitra	al-qnitra	Morocco
Al-Qayrawan	al-qayrawan	Tunisia
Alameda	alameda	USA
Alamogordo	alamogordo	USA
Alassio	alassio	Italy
Albany	albany	USA
Albenga	albenga	Italy
Albuquerque	albuquerque	USA
Alcal? de Guada?ra	alcala-de-guadaira	Spain
Alcala de Henares	alcala-de-henares	Spain
Alcoletge	alcoletge	Spain
Alella		Spain
Alhambra	alhambra	USA
Alicante	alicante	Spain
Alice Springs	alice-springs	Australia
Allariz	allariz	Spain
Almagro	almagro	Spain
Almere	almere	The Netherlands
Almer?a	almeria	Spain
Almod?var del R?o	almodovar-del-rio	Spain
Alnwick	alnwick	United Kingdom
Alp	alp	Spain
Alpine	alpine	USA
Alpine Meadows	alpine-meadows	USA
Altadena	altadena	USA
Altamira	altamira	Brazil
Amalfi	amalfi	Italy
Amesbury	amesbury	United Kingdom
Am?scoa Baja	amescoa-baja	Spain
Amherst	amherst	USA
Amman	amman	Jordan
Amsterdam	amsterdam	The Netherlands
Anacapri	anacapri	Italy
Anchorage	anchorage	USA
Anc?n	ancon	Mexico
Ancona	ancona	Italy
Anderlecht	anderlecht	Belgium
Anderson	anderson	USA
Andover	andover	USA
Andratx	andratx	Spain
And?jar	andujar	Spain
Anet	anet	France
Angel Fire	angel-fire	USA
Angle	angle	United Kingdom
Anievas	anievas	Spain
Ann Arbor	ann-arbor	USA
Ann Arbor Charter Township	ann-arbor-charter-township	USA
Annapolis	annapolis	USA
Annonay	annonay	France
Antibes	antibes	France
Antofagasta	antofagasta	Chile
Antwerp	antwerp	Belgium
Anzio	anzio	Italy
Anzola dell'Emilia	anzola-dellemilia	Italy
Apache Junction	apache-junction	USA
Appin	appin	United Kingdom
Aracaju	aracaju	Brazil
Aranda de Duero	aranda-de-duero	Spain
Aranjuez	aranjuez	Spain
Arcadia	arcadia	USA
Arcata	arcata	USA
Archidona	archidona	Spain
Arcos de la Frontera	arcos-de-la-frontera	Spain
Arcueil	arcueil	France
Ardingly	ardingly	United Kingdom
Arecibo	arecibo	Puerto Rico
Arenas de Igu?a	arenas-de-iguna	Spain
Ar?valo	arevalo	Spain
Arezzo	arezzo	Italy
Argostoli	argostoli	Greece
Arguedas Town	arguedas-town	Spain
Argyll and Bute	argyll-and-bute	United Kingdom
Arlington	arlington	USA
Armuchee	armuchee	USA
As-Sabikah	as-sabikah	Tunisia
Asbury Park	asbury-park	USA
Ascoli Piceno	ascoli-piceno	Italy
Asheville	asheville	USA
Ashiya Town	ashiya-town	Japan
Askham	askham	United Kingdom
Aso City	aso-city	Japan
Asotin	asotin	USA
Assisi	assisi	Italy
Astoria	astoria	USA
Athens	athens	Greece
Atherton	atherton	USA
Athis-Mons	athis-mons	France
Atlanta	atlanta	USA
Atlantic Highlands	atlantic-highlands	USA
Atomic City	atomic-city	USA
Atotonilco de Tula	atotonilco-de-tula	Mexico
Auburn	auburn	USA
Auckland	auckland	New Zealand
Aurora	aurora	USA
Auschwitz	auschwitz	Poland
Austin	austin	USA
?vila	avila	Spain
Avil?s	aviles	Spain
Ayna	ayna	Spain
Azusa	azusa	USA
Bad Schandau	bad-schandau	Germany
Badajoz	badajoz	Spain
Badalona	badalona	Spain
Baddesley Clinton	baddesley-clinton	United Kingdom
Baeza	baeza	Spain
Baglan		United Kingdom
Bagnolo San Vito	bagnolo-san-vito	Italy
Bah?a Blanca	bahia-blanca	Argentina
Baie-James	baie-james	Canada
Baker	baker	USA
Bakersfield	bakersfield	USA
Bakewell	bakewell	United Kingdom
Baler	baler	Philippines
Balestrino	balestrino	Italy
Ballachulish	ballachulish	United Kingdom
Ballinesker	ballinesker	Ireland
Ballston Spa	ballston-spa	USA
Ballycastle	ballycastle	Ireland
Ballymore Eustace	ballymore-eustace	Ireland
Baltimore	baltimore	USA
Bamberg	bamberg	Germany
Bamburgh	bamburgh	United Kingdom
Banbury	banbury	United Kingdom
Bangkok	bangkok	Thailand
Bar Harbor	bar-harbor	USA
Barangaroo	barangaroo	Australia
Barano d'Ischia	barano-dischia	Italy
Barcelona	barcelona	Spain
Bardolino	bardolino	Italy
Barking	barking	United Kingdom
Barnack	barnack	United Kingdom
Barnet	barnet	United Kingdom
Barry	barry	United Kingdom
Barton	barton	United Kingdom
Basalt	basalt	Australia
Bassano Romano	bassano-romano	Italy
Bastrop	bastrop	USA
Batalha	batalha	Portugal
Bath	bath	United Kingdom
Bathgate	bathgate	USA
Baton Rouge	baton-rouge	USA
Baturiti	baturiti	Indonesia
Bay St Louis	bay-st-louis	USA
Bayside	bayside	USA
Beacon Falls	beacon-falls	USA
Beaconsfield	beaconsfield	United Kingdom
Beatty	beatty	USA
Beaufort	beaufort	USA
Beaverton	beaverton	USA
Bedford	bedford	United Kingdom
Bedminster	bedminster	USA
Beijing	beijing	China
Belchite	belchite	Spain
Bel?m	belem	Brazil
Belfast	belfast	United Kingdom
Belford	belford	USA
Belle Glade	belle-glade	USA
Belmont	belmont	United Kingdom
Belmonte	belmonte	Spain
Benalm?dena	benalmadena	Spain
Benasque	benasque	Spain
Benbrook	benbrook	USA
Bene?ov	bene?ov	Czech Republic
Bengaluru	bengaluru	India
Benicasim	benicasim	Spain
Benidorm	benidorm	Spain
Benito Ju?rez	benito-juarez	Mexico
B?nouville	benouville	France
Benson	benson	USA
Benwood	benwood	USA
Berchtesgaden	berchtesgaden	Germany
Berga	berga	Spain
Bergamo	bergamo	Italy
Bergues	bergues	France
Bergues-sur-Sambre	bergues-sur-sambre	France
Berja	berja	Spain
Berlin	berlin	Germany
Bermejillo	bermejillo	Mexico
Bermillo de Sayago	bermillo-de-sayago	Spain
Bernalillo	bernalillo	USA
Berne	berne	Switzerland
Berrien Springs	berrien-springs	USA
Berwyn	berwyn	USA
Beverly Hills	beverly-hills	USA
Bexhill	bexhill	United Kingdom
B?ze	beze	France
BHIWADI	bhiwadi	India
Bhuj	bhuj	India
Biarritz	biarritz	France
Big Bear City	big-bear-city	USA
Big Bear Lake	big-bear-lake	USA
Big Sur	big-sur	USA
Big Timber	big-timber	USA
Biggin Hill	biggin-hill	United Kingdom
Bighorn No. 8	bighorn-no.-8	Canada
Bikaner	bikaner	India
Bilbao	bilbao	Spain
Birmingham	birmingham	United Kingdom
Bishops Stortford	bishops-stortford	United Kingdom
Biurrun-Olcoz	biurrun-olcoz	Spain
Blaenau Ffestiniog	blaenau-ffestiniog	United Kingdom
Blanca	blanca	USA
Blanco	blanco	USA
Blandford Forum	blandford-forum	United Kingdom
Blanes	blanes	Spain
Blenheim	blenheim	United Kingdom
Blowing Rock	blowing-rock	USA
Blue Bell	blue-bell	USA
Blue Jay	blue-jay	USA
Blyth	blyth	United Kingdom
Bodega	bodega	USA
Bod?	bod?	Norway
Bogot?	bogota	Colombia
Bongabong	bongabong	Philippines
Bonnieux	bonnieux	France
Boone	boone	USA
Borehamwood	borehamwood	United Kingdom
Borrego Springs	borrego-springs	USA
Bossier City	bossier-city	USA
Boston	boston	USA
Boucherville	boucherville	Canada
Boulder	boulder	USA
Boulder City	boulder-city	USA
Bowen Island	bowen-island	Canada
Bowling Green	bowling-green	USA
Brackettville	brackettville	USA
Bradford-on-Avon	bradford-on-avon	United Kingdom
Bragg Creek	bragg-creek	Canada
Braidwood	braidwood	USA
Brainerd	brainerd	USA
Branchville	branchville	USA
Brandon	brandon	USA
Bras?lia	brasilia	Brazil
Bratislava - Star? Mesto	bratislava---stare-mesto	Slovakia
Breckenridge	breckenridge	USA
Breda	breda	Spain
Bremen	bremen	Germany
Bremerton		USA
Brent	brent	United Kingdom
Brescello	brescello	Italy
Brice?o	briceno	Colombia
Brick	brick	USA
Bridgeton	bridgeton	USA
Brienz	brienz	Switzerland
Brighton	brighton	United Kingdom
Brihuega	brihuega	Spain
Brisbane	brisbane	Australia
Bristol	bristol	USA
Broadview	broadview	USA
Bromley	bromley	United Kingdom
Bronx	bronx	USA
Brooklyn	brooklyn	USA
Browning	browning	USA
Bruay-la-Buissi?re	bruay-la-buissiere	France
Bruges	bruges	Belgium
Brussels	brussels	Belgium
Bryn Mawr	bryn-mawr	USA
Bucharest	bucharest	Romania
Buckingham	buckingham	United Kingdom
Budapest	budapest	Hungary
Buellton	buellton	USA
Buena Park	buena-park	USA
Buenos Aires	buenos-aires	Argentina
Buffalo	buffalo	USA
Bunyola	bunyola	Spain
Burbank	burbank	USA
Burghausen	burghausen	Germany
Burlington	burlington	USA
Burnaby	burnaby	Canada
Burnham-on-Sea	burnham-on-sea	United Kingdom
C? Mau	ca-mau	Vietnam
Cabazon	cabazon	USA
Cabez?n de la Sal	cabezon-de-la-sal	Spain
Cabo San Lucas	cabo-san-lucas	Mexico
Cabras	cabras	Italy
Caceres	caceres	Spain
Cadaqu?s	cadaques	Spain
Cadiz	cadiz	Spain
Caher	caher	Ireland
Caimito	caimito	Cuba
Calabasas	calabasas	USA
Calahorra	calahorra	Spain
Calama	calama	Chile
Calascio	calascio	Italy
Calcata	calcata	Italy
Calgary	calgary	Canada
Caliente	caliente	USA
Calistoga	calistoga	USA
Callowfinish	callowfinish	Ireland
Cambados	cambados	Spain
Camberwell	camberwell	United Kingdom
Cambridge	cambridge	USA
Camden Town	camden-town	United Kingdom
Camogli	camogli	Italy
Campbell River	campbell-river	Canada
Campeche	campeche	Mexico
Campinas	campinas	Brazil
?anakkale Province	?anakkale-province	Turkey
Canale Monterano	canale-monterano	Italy
Canazei	canazei	Italy
Candeleda	candeleda	Spain
Canfranc	canfranc	Spain
Cangas de On?s	cangas-de-onis	Spain
Cannes	cannes	France
Canonsburg	canonsburg	USA
Canowindra	canowindra	Australia
Canton	canton	USA
Cantwell	cantwell	USA
Capaccio	capaccio	Italy
Cape Town	cape-town	South Africa
Cappagh East	cappagh-east	Ireland
Caraba?a	carabana	Spain
Carazo	carazo	Spain
Carcassonne	carcassonne	France
Carde?a	cardena	Spain
Cardona	cardona	Spain
Caril?	carilo	Argentina
Carlsbad	carlsbad	Czech Republic
Carmel	carmel	USA
Carmona	carmona	Spain
Carperby	carperby	United Kingdom
Carrick-on-Suir	carrick-on-suir	Ireland
Carrizozo	carrizozo	USA
Carson City	carson-city	USA
Cartagena	cartagena	Spain
Carthago	carthago	Tunisia
Cary	cary	USA
Casa	casa	Morocco
Cascade Locks	cascade-locks	USA
Caserta	caserta	Italy
Castaic	castaic	USA
Castel del Monte	castel-del-monte	Italy
Castell-Platja d'Aro	castell-platja-daro	Spain
Castellammare del Golfo	castellammare-del-golfo	Italy
Castellar del Vall?s	castellar-del-valles	Spain
Castelldefels	castelldefels	Spain
Castelvecchio di Rocca Barbena	castelvecchio-di-rocca-barbena	Italy
Castle	castle	United Kingdom
Castle Combe	castle-combe	United Kingdom
Castle Rock	castle-rock	USA
Castletown	castletown	United Kingdom
Catania	catania	Italy
Catemaco	catemaco	Mexico
Cedar City	cedar-city	USA
Cefalu		Italy
Celld?m?lk	celldomolk	Hungary
Centennial Park	centennial-park	Australia
Central	central	Hong Kong
Cerrillos	cerrillos	USA
Ceuta	ceuta	Spain
Chambers	chambers	USA
Chamonix	chamonix	France
Charleston	charleston	USA
Chatsworth	chatsworth	United Kingdom
Chennai	chennai	India
Chester	chester	USA
Chester Springs	chester-springs	USA
Chetumal	Chetumal	Mexico
Cheverny	cheverny	France
Chicago	chicago	USA
Chicahuaxtla	chicahuaxtla	Mexico
Chiclana de la Frontera	chiclana-de-la-frontera	Spain
Chico	chico	USA
Chiemsee	chiemsee	Germany
Chihuahua Municipality	chihuahua-municipality	Mexico
Chilliwack	chilliwack	Canada
Chinle	chinle	USA
Chiusa Sclafani	chiusa-sclafani	Italy
Chiva	chiva	Spain
Choisy-le-Roi	choisy-le-roi	France
Chuckwalla	chuckwalla	USA
Ciempozuelos	ciempozuelos	Spain
Citrus Heights	citrus-heights	USA
City	city	Singapore
City of Brussels	city-of-brussels	Belgium
City of London	city-of-london	United Kingdom
Ciudad Canatl?n	ciudad-canatlan	Mexico
Ciudad Del Este	ciudad-del-este	Paraguay
Ciudad Lerdo	ciudad-lerdo	Mexico
Ciudad Nicol?s Romero	ciudad-nicolas-romero	Mexico
Civitavecchia	civitavecchia	Italy
Clairton	clairton	USA
Cle Elum	cle-elum	USA
Clevedon	clevedon	United Kingdom
Cleveland	cleveland	USA
Cocli	cocli	Panama
Coffeyville	coffeyville	USA
Coggon	coggon	USA
Colchester	colchester	USA
Colleville-sur-Mer	colleville-sur-mer	France
Colmenar de Oreja	colmenar-de-oreja	Spain
Colmenar Viejo	colmenar-viejo	Spain
Cologne	cologne	Germany
Colombo	colombo	Sri Lanka
Columbus	columbus	USA
Colunga	colunga	Spain
Comillas	comillas	Spain
Conroe	conroe	USA
Consuelo	consuelo	Dominican Republic
Contreras	contreras	Spain
Coolea	coolea	Ireland
Copenhagen	copenhagen	Denmark
Coquitlam	coquitlam	Canada
Cordova	cordova	Spain
Corfu	corfu	Greece
Corinth	corinth	USA
Corio	corio	Australia
Cork	cork	Ireland
Corona	corona	USA
Cortina d'Ampezzo	cortina-dampezzo	Italy
Cortona	cortona	Italy
Corunna	corunna	Spain
Cossart	cossart	USA
Cottage Grove	cottage-grove	USA
Council Bluffs	council-bluffs	USA
Covarrubias	covarrubias	Spain
Cowlitz East	cowlitz-east	USA
Coyoac?n	coyoacan	Mexico
Craco	craco	Italy
Cracow	cracow	Poland
Crandall	crandall	USA
Cr?cy-la-Chapelle	crecy-la-chapelle	France
Cregneash	cregneash	United Kingdom
Crescent	crescent	USA
Crescent City	crescent-city	USA
Crist?bal	cristobal	Panama
Crotone	crotone	Italy
Crown Point	crown-point	USA
Croydon	croydon	United Kingdom
Cuauht?moc	cuauhtemoc	Mexico
Cuautla	cuautla	Mexico
Cuenca	cuenca	Spain
Cuetzalan	cuetzalan	Mexico
Cuffley	cuffley	United Kingdom
Cugnasco	cugnasco	Switzerland
Culver City	culver-city	USA
Cuzco	cuzco	Peru
Cwmllynfell	cwmllynfell	United Kingdom
Dade City	dade-city	USA
Daggett	daggett	USA
Dallas	dallas	USA
Daly City	daly-city	USA
Dambulla	dambulla	Sri Lanka
Damme	damme	Belgium
Dana Point	dana-point	USA
Danville	danville	USA
Daqas	daqas	Tunisia
Darien	darien	USA
Darnestown	darnestown	USA
Davenport	davenport	USA
David City	david-city	USA
Dawes Point	dawes-point	Australia
De Land	de-land	USA
Deatsville	deatsville	USA
Decatur	decatur	USA
Dedham	dedham	USA
DeLand	deland	USA
Delft	delft	The Netherlands
Delhi	delhi	USA
Delmont	delmont	USA
Denmark	denmark	USA
Dennehotso	dennehotso	USA
Denton	denton	USA
Denver	denver	USA
Depoe Bay	depoe-bay	USA
Des Plaines	des-plaines	USA
Desert	desert	USA
Detroit	detroit	USA
Devils Tower	devils-tower	USA
Dexter	dexter	USA
Dharamshala	dharamshala	India
Dikwella	dikwella	Sri Lanka
Dinan	dinan	France
Division No. 18, Unorganized	division-no.-18,-unorganized	Canada
Division No. 6, Subd. A	division-no.-6,-subd.-a	Canada
Docklands	docklands	Australia
Dodson	dodson	USA
Dorney	dorney	United Kingdom
Dortmund	dortmund	Germany
Dos Hermanas	dos-hermanas	Spain
Douglas	douglas	United Kingdom
Doune	doune	United Kingdom
Dover	dover	United Kingdom
Downey	downey	USA
Downingtown	downingtown	USA
Doylestown	doylestown	USA
Dreetz	dreetz	Germany
Dreux	dreux	France
Dripping Springs	dripping-springs	USA
Drumheller	drumheller	Canada
Drummondville	drummondville	Canada
Dubai	dubai	United Arab Emirates
Dublin	dublin	Ireland
Duncan	duncan	USA
Dundalk	dundalk	Ireland
Dunrobin Castle	dunrobin-castle	United Kingdom
Dunsfold	dunsfold	United Kingdom
Durango	durango	Mexico
Dyersville	dyersville	USA
Ealing	ealing	United Kingdom
East Brisbane	east-brisbane	Australia
East Elmhurst	east-elmhurst	USA
East Ham	east-ham	United Kingdom
East Hants	east-hants	Canada
East Meadow	east-meadow	USA
East Palo Alto	east-palo-alto	USA
East Pittsburgh	east-pittsburgh	USA
East Rutherford	east-rutherford	USA
Eaubonne	eaubonne	France
Echuca	echuca	Australia
?cija	ecija	Spain
Eden Lake	eden-lake	USA
Edgartown	edgartown	USA
Edina	edina	USA
Edinburgh	edinburgh	United Kingdom
Effie	effie	USA
Eitorf	eitorf	Germany
Ejido	ejido	Spain
El ?lamo	el-alamo	Spain
El Barco de ?vila	el-barco-de-avila	Spain
El Bruc	el-bruc	Spain
El Espinar	el-espinar	Spain
El Prat de Llobregat	el-prat-de-llobregat	Spain
El Salto	el-salto	Mexico
El Wahat El Kharga	el-wahat-el-kharga	Egypt
Elche	elche	Spain
Elizabeth	elizabeth	USA
Ellicott City	ellicott-city	USA
Elveden	elveden	United Kingdom
Ely	ely	USA
Embaba	embaba	Egypt
Emigrant Gap	emigrant-gap	USA
Encino	encino	USA
Enfield	enfield	United Kingdom
English Bicknor	english-bicknor	United Kingdom
Enola	enola	USA
Entracque	entracque	Italy
Esch-sur-Alzette	esch-sur-alzette	Luxembourg
Escorial	escorial	Spain
Espanola	espanola	USA
Esparreguera	esparreguera	Spain
Esquel	esquel	Argentina
Essaouira	essaouira	Morocco
Estancia	estancia	USA
Estella-Lizarra	estella-lizarra	Spain
Estepona	estepona	Spain
Estes Park	estes-park	USA
Etobicoke	etobicoke	Canada
Eugene	eugene	USA
Eureka	eureka	USA
Evanston	evanston	USA
Evershot	evershot	United Kingdom
Ezcaray	ezcaray	Spain
?ze	eze	France
Fairfax	fairfax	USA
Fairfield	fairfield	USA
Falcade	falcade	Italy
Falmouth	falmouth	USA
FAR ROCKAWAY	far-rockaway	USA
Fargo	fargo	USA
Farnham	farnham	United Kingdom
Farnham Royal	farnham-royal	United Kingdom
Faversham	faversham	United Kingdom
Ferguson	ferguson	USA
Ferndale	ferndale	USA
Fernley	fernley	USA
Fernside	fernside	New Zealand
Ferrol	ferrol	Spain
Figueres	figueres	Spain
Fillmore	fillmore	USA
Finale Ligure	finale-ligure	Italy
Fishguard	fishguard	United Kingdom
Fiuggi	fiuggi	Italy
Fiumicino	fiumicino	Italy
Flagstaff	flagstaff	USA
Flavigny-sur-Ozerain	flavigny-sur-ozerain	France
Florence	florence	Italy
Florence-Graham	florence-graham	USA
Folkstone	folkstone	United Kingdom
Follansbee	follansbee	USA
Fontana	fontana	USA
Fonthill Bishop	fonthill-bishop	United Kingdom
Forio	forio	Italy
Formentera	formentera	Spain
Forsyth	forsyth	USA
Fort Benton	fort-benton	USA
Fort Bragg	fort-bragg	USA
Fort Irwin	fort-irwin	USA
Fort Lauderdale	fort-lauderdale	USA
Fort Lawn	fort-lawn	USA
Fort Pierre	fort-pierre	USA
Fort Worth	fort-worth	USA
Fortaleza	fortaleza	Brazil
Frades	frades	Spain
Fraga	fraga	Spain
Frankfurt	frankfurt	Germany
Franquelin	franquelin	Canada
Frazier Park	frazier-park	USA
Fregenal de la Sierra	fregenal-de-la-sierra	Spain
Freiburg im Breisgau	freiburg-im-breisgau	Germany
Freire	freire	Chile
Fremont	fremont	USA
Fresh Meadows	fresh-meadows	USA
Fresno	fresno	USA
Frisco	frisco	USA
Frontera	frontera	Spain
Frostproof	frostproof	USA
Fr?ndenberg	frondenberg	Germany
Fuengirola	fuengirola	Spain
Furnace Creek	furnace-creek	USA
Fu?ach	fu?ach	Austria
F?ssen	fussen	Germany
Gaffney	gaffney	USA
Galena	galena	USA
Galisteo	galisteo	USA
Galle	galle	Sri Lanka
Gallup	gallup	USA
Gambassi Terme	gambassi-terme	Italy
Gandia	gandia	Spain
Garden City	garden-city	USA
Garfield	garfield	USA
Gaston	gaston	USA
Gateshead	gateshead	United Kingdom
Gaylesville	gaylesville	USA
Geidem	geidem	Nigeria
Geneva	geneva	Switzerland
Georgetown	georgetown	USA
Gifford Pinchot	gifford-pinchot	USA
Gij?n	gijon	Spain
Gimli	gimli	Canada
Girona	girona	Spain
Giverny	giverny	France
Glasgow	glasgow	United Kingdom
Glen Ellen	glen-ellen	USA
Glen Maye	glen-maye	Isle of Man
Glencoe	glencoe	USA
Glendale	glendale	USA
Glenorchy	glenorchy	New Zealand
Glostrup	glostrup	Denmark
Gloucester	gloucester	USA
Gnesta	gnesta	Sweden
Goes	goes	The Netherlands
Golden	golden	USA
G?mez Palacio	gomez-palacio	Mexico
Gordes	gordes	France
Gordola	gordola	Switzerland
Gotenba City	gotenba-city	Japan
Goz?n	gozon	Spain
Granada	granada	Spain
Granada Hills	granada-hills	USA
Grand Canyon	grand-canyon	USA
Grass Valley	grass-valley	USA
Grasse	grasse	France
Gravesend	gravesend	United Kingdom
Great Falls	great-falls	USA
Greater Sudbury	greater-sudbury	Canada
Greater Vancouver A	greater-vancouver-a	Canada
Greenville	greenville	USA
Greenwich	greenwich	USA
Greenwood	greenwood	USA
Grenoble	grenoble	France
Greve in Chianti	greve-in-chianti	Italy
Grindelwald	grindelwald	Switzerland
Grosse Pointe Park	grosse-pointe-park	USA
Gro? K?ris	gro?-koris	Germany
Guadalajara	guadalajara	Spain
Guadalix de la Sierra	guadalix-de-la-sierra	Spain
Guadalupe	guadalupe	Mexico
Guadix	guadix	Spain
Guarulhos	guarulhos	Brazil
Guatemala City	guatemala-city	Guatemala
Guelph	guelph	Canada
Guildford	guildford	United Kingdom
Guthrie	guthrie	USA
Guyton	guyton	USA
G?rlitz	gorlitz	Germany
Haarlem	haarlem	The Netherlands
Hackney	hackney	United Kingdom
Hafnarfjordur	hafnarfjordur	Iceland
Hakalau	hakalau	USA
Halchita	halchita	USA
Haleiwa	haleiwa	USA
Halifax	halifax	Canada
Hambleden	hambleden	United Kingdom
Hamburg	hamburg	Germany
Hamilton	hamilton	Canada
Hammersmith	hammersmith	United Kingdom
Hammond	hammond	USA
Hampi	hampi	India
Harlton	harlton	United Kingdom
Harrisburg	harrisburg	USA
Harvey	harvey	USA
Hastings	hastings	United Kingdom
Hastings-on-Hudson	hastings-on-hudson	USA
Hatfield	hatfield	USA
Havana	havana	Cuba
Haverfordwest	haverfordwest	UK
Hawthorne	hawthorne	USA
Hays	hays	USA
Hechi	hechi	China
Heidelberg	heidelberg	Germany
Helsinki	helsinki	Finland
Hemet	hemet	USA
Henderskelfe	henderskelfe	United Kingdom
Henderson	henderson	USA
Hengchun Township	hengchun-township	Taiwan
Heraklion	heraklion	Greece
Hermosillo	hermosillo	Mexico
Herndon	herndon	USA
Hezhou	hezhou	China
Hickam Housing	hickam-housing	USA
High River	high-river	Canada
High Tatras	high-tatras	Slovakia
Highland	highland	USA
Highland Park	highland-park	USA
Hillingdon	hillingdon	United Kingdom
Hillsboro	hillsboro	USA
Hilo	hilo	USA
Himeji City	himeji-city	Japan
Hinchinbrook	hinchinbrook	Australia
Hinkley	hinkley	USA
Hinterbr?hl	hinterbruhl	Austria
Hoboken	hoboken	USA
Hof bei Salzburg	hof-bei-salzburg	Austria
Holderness	holderness	USA
Holkham	holkham	United Kingdom
Holtsville	holtsville	USA
Holtville	holtville	USA
Holy Island	holy-island	United Kingdom
Homestead	homestead	USA
Hondarribia	hondarribia	Spain
Honolulu	honolulu	USA
Hope	hope	Canada
Hospitalet de Llobregat	hospitalet-de-llobregat	Spain
Hounslow	hounslow	United Kingdom
Houston	houston	USA
Hoyo de Manzanares	hoyo-de-manzanares	Spain
Huatulco	huatulco	Mexico
Hue	hue	Vietnam
Hu?neja	hueneja	Spain
Hu?tor de Santill?n	huetor-de-santillan	Spain
Hull	hull	USA
Humahuaca	humahuaca	Argentina
Hunters Point	hunters-point	USA
Huntington	huntington	USA
Huntington Beach	huntington-beach	USA
Huntington Park	huntington-park	USA
H?chst	hochst	Austria
Iba	iba	Philippines
Igualada	igualada	Spain
Indianapolis	indianapolis	USA
Interior	interior	USA
Inverness	inverness	USA
Inyokern	inyokern	USA
Iowa City	iowa-city	USA
Iron Knob	iron-knob	Australia
Irun	irun	Spain
Irvine	irvine	USA
Irving	irving	USA
Ischia	ischia	Italy
Isla Mujeres	isla-mujeres	Mexico
Islamorada	islamorada	USA
Islington	islington	United Kingdom
Ispica	ispica	Italy
Issy-les-Moulineaux	issy-les-moulineaux	France
Istanbul	istanbul	Turkey
Istanbul Province	istanbul-province	Turkey
Iver	iver	United Kingdom
Jackson	jackson	USA
Jaipur	jaipur	India
Jarbah Ajim	jarbah-ajim	Tunisia
Jargeau	jargeau	France
Jefferson	jefferson	USA
Jenner	jenner	USA
Jerdacuttup	jerdacuttup	Australia
Jerez de la Frontera	jerez-de-la-frontera	Spain
Jersey City	jersey-city	USA
Jerusalem	jerusalem	Israel
Jhongjheng District	jhongjheng-district	Taiwan
Jiaxing	jiaxing	China
Jimena de la Frontera	jimena-de-la-frontera	Spain
Jinzhong	jinzhong	China
Jodhpur	jodhpur	India
Johannesburg	johannesburg	South Africa
Johnsonville	johnsonville	USA
Johnstown	johnstown	USA
Joliet	joliet	USA
Josa i Tuix?n	josa-i-tuixen	Spain
K?hei	k?hei	USA
Kajaani	kajaani	Finland
Kalkara	kalkara	Malta
Kamloops	kamloops	Canada
Kanab	kanab	USA
Kananaskis	kananaskis	Canada
Kandy	kandy	Sri Lanka
Kanyakumari	kanyakumari	India
Kapaa	kapaa	USA
Karlsruhe	karlsruhe	Germany
Kaumakani	kaumakani	USA
Kaunertal	kaunertal	Austria
Kautokeino	kautokeino	Norway
Kaw City	kaw-city	USA
Kazan	kazan	Russian Federation
Kells	kells	Ireland
Kemij?rvi	kemijarvi	Finland
Kenilworth	kenilworth	USA
Kennett Square	kennett-square	USA
Kensington	kensington	USA
Keremeos	keremeos	Canada
Ketchum	ketchum	USA
Key Biscayne	key-biscayne	USA
Key Largo	key-largo	USA
Key West	key-west	USA
Khajuraho	khajuraho	India
Khao Mao	khao-mao	Thailand
Kildare	kildare	Ireland
Kingston	kingston	Jamaica
Kingston upon Thames	kingston-upon-thames	UK
Kingswood	kingswood	United Kingdom
Kirk Michael	kirk-michael	United Kingdom
Kirkham	kirkham	Australia
Kirkwood	kirkwood	USA
Kiruna	kiruna	Sweden
Kneesworth	kneesworth	United Kingdom
Knutsford	knutsford	United Kingdom
Ko Chang	ko-chang	Thailand
Kokonoe Town	kokonoe-town	Japan
Kolkata	kolkata	India
Krokom	krokom	Sweden
Krom????	krom??i?	Czech Republic
Ksar Hadada	ksar-hadada	Tunisia
Kuala Lumpur	kuala-lumpur	Malaysia
Kula	kula	USA
Kumamoto City	kumamoto-city	Japan
Kununurra	kununurra	Australia
Kure Beach	kure-beach	USA
Ky?to City Nakagy? Ward	ky?to-city-nakagy?-ward	Japan
La Almolda	la-almolda	Spain
La Calahorra	la-calahorra	Spain
La Canada Flintridge	la-canada-flintridge	USA
La Canourgue	la-canourgue	France
La Celle-sous-Gouzon	la-celle-sous-gouzon	France
La Fresneda	la-fresneda	Spain
La Paz	la-paz	Mexico
La Sal	la-sal	USA
La Turbie	la-turbie	France
La Verne	la-verne	USA
la Victoria de Acentejo (Tenerife)	la-victoria-de-acentejo-tenerife	Spain
Lacken	lacken	Ireland
Lacock	lacock	United Kingdom
Laguna Beach	laguna-beach	USA
Laguna Niguel	laguna-niguel	USA
Laigueglia	laigueglia	Italy
Lake Forest	lake-forest	USA
Lake Lure	lake-lure	USA
Lake Moeraki	lake-moeraki	New Zealand
Lake Wakatipu	lake-wakatipu	New Zealand
Lakewood	lakewood	USA
Lambeth	lambeth	United Kingdom
Lamont	lamont	USA
Lancaster	lancaster	USA
Langley	langley	Canada
Lanzhou	lanzhou	China
Laplace	laplace	USA
Larkspur	larkspur	USA
Larne	larne	United Kingdom
Las Cargadas	las-cargadas	Mexico
Las Tres Villas	las-tres-villas	Spain
Las Vegas	las-vegas	USA
Lawers	lawers	United Kingdom
Lawrence	lawrence	USA
Lawrenceville	lawrenceville	USA
Le Bourg-d'Oisans	le-bourg-doisans	France
Lebec	lebec	USA
Lee Vining	lee-vining	USA
Legan?s	leganes	Spain
Leghorn	leghorn	Italy
Leipzig	leipzig	Germany
Lena	lena	Spain
Leni	leni	Italy
Lenno	lenno	Italy
Lens	lens	France
Le?n	leon	Mexico
Leonardo	leonardo	USA
Lerida	lerida	Spain
Les Planes d'Hostoles	les-planes-dhostoles	Spain
Lethbridge County	lethbridge-county	Canada
Lewisham	lewisham	United Kingdom
Liberty Lake	liberty-lake	USA
Libertyville	libertyville	USA
Li?tor	lietor	Spain
Lille	lille	France
Lillooet	lillooet	Canada
Lima	lima	Peru
Limone sul Garda	limone-sul-garda	Italy
Linares de la Sierra	linares-de-la-sierra	Spain
Lipari	lipari	Italy
Lisbon	lisbon	Portugal
Liverpool	liverpool	United Kingdom
Livingston	livingston	USA
Llanddeusant	llanddeusant	United Kingdom
Llanes	llanes	Spain
Llantwit Major	llantwit-major	United Kingdom
Lles de Cerdanya	lles-de-cerdanya	Spain
Lloret de Mar	lloret-de-mar	Spain
Llub?	llubi	Spain
Llucmajor	llucmajor	Spain
Loarre	loarre	Spain
Lochau	lochau	Austria
Lockport	lockport	USA
Locust Valley	locust-valley	USA
Logro?o	logrono	Spain
Lohja	lohja	Finland
Lokichogio	lokichogio	Kenya
Loma	loma	USA
Lompoc	lompoc	USA
London	london	United Kingdom
Lone Pine	lone-pine	USA
Long Beach	long-beach	USA
Long Island City	long-island-city	USA
Lordsburg	lordsburg	USA
Los Angeles	los-angeles	USA
Lostwithiel	lostwithiel	United Kingdom
Lot 49	lot-49	Canada
Loughborough	loughborough	United Kingdom
Louisville	louisville	USA
Lowell	lowell	USA
Lowndesboro	lowndesboro	USA
Lublin	lublin	Poland
Lucas	lucas	USA
Lucca	lucca	Italy
Lucena	lucena	Spain
Lucerne Valley	lucerne-valley	USA
Ludlow	ludlow	USA
Luggala	luggala	Ireland
Luj?n	lujan	Argentina
Lully	lully	France
Lunenburg	lunenburg	USA
Luqa	luqa	Malta
Luton	luton	United Kingdom
Lutz	lutz	USA
Luxembourg	luxembourg	Luxembourg
L?beck	lubeck	Germany
Lynwood	lynwood	USA
Lyon	lyon	France
Lytton	lytton	Canada
M?arr	m?arr	Malta
Macclesfield	macclesfield	United Kingdom
Macgregor	macgregor	Australia
Madison	madison	USA
Madrid	madrid	Spain
Mafikeng Rural	mafikeng-rural	South Africa
Magdalena	magdalena	Mexico
Magny-Saint-M?dard	magny-saint-medard	France
Mahdia	mahdia	Tunisia
Maidenhead	maidenhead	United Kingdom
Malaga	malaga	Spain
Malfa	malfa	Italy
Malibu	malibu	USA
Mamaroneck	mamaroneck	USA
Mammoth Lakes	mammoth-lakes	USA
Manacor	manacor	Spain
Manchester	manchester	USA
Manhattan	manhattan	USA
Manila	manila	Philippines
Manlleu	manlleu	Spain
Manresa	manresa	Spain
Mansfield	mansfield	Australia
Maple Ridge	maple-ridge	Canada
Maputo	maputo	Mozambique
Marazion	marazion	United Kingdom
Marbella	marbella	Spain
Marblehead	marblehead	USA
Marfa	marfa	USA
Maricopa	maricopa	USA
Marina del Rey	marina-del-rey	USA
Marne-la-Vall?e	marne-la-vallee	France
Marsaxlokk	marsaxlokk	Malta
Marseilles	marseilles	France
Maspeth	maspeth	USA
Matamata	matamata	New Zealand
Matera	matera	Italy
Matmatat-Al-Qadimal	matmatat-al-qadimal	Tunisia
Mayfield	mayfield	USA
Maynooth	maynooth	Ireland
Maysville	maysville	USA
McAlester	mcalester	USA
McGill	mcgill	USA
McKeesport	mckeesport	USA
Mdina	mdina	Malta
Medfield	medfield	USA
Medinine	medinine	Tunisia
Melksham Without	melksham-without	United Kingdom
Mellieha	mellieha	Malta
Melo	melo	Uruguay
Memphis	memphis	USA
Mentmore	mentmore	United Kingdom
M?rida	merida	Mexico
Merritt	merritt	Canada
Merton	merton	United Kingdom
Mesa	mesa	USA
Mexico City	mexico-city	Mexico
Miami	miami	USA
Middle Claydon	middle-claydon	United Kingdom
Middle Musquodoboit	middle-musquodoboit	Canada
Middletown	middletown	USA
Mieres	mieres	Spain
Miguel Hidalgo	miguel-hidalgo	Mexico
Mijas	mijas	Spain
Mikonos	mikonos	Greece
Milan	milan	Italy
Milazzo	milazzo	Italy
Milk River	milk-river	Canada
Mill Valley	mill-valley	USA
Millbrae	millbrae	USA
Millbrook	millbrook	USA
Miller Lake	miller-lake	Canada
Millers Point	millers-point	Australia
Minerbio	minerbio	Italy
Mingo Junction	mingo-junction	USA
Minneapolis	minneapolis	USA
Minstead	minstead	United Kingdom
Mionnay	mionnay	France
Mirabel	mirabel	Canada
Mirambel	mirambel	Spain
Mississauga	mississauga	Canada
Mittweida	mittweida	Germany
Moab	moab	USA
Moapa Valley	moapa-valley	USA
Modane	modane	France
Mogadouro	mogadouro	Portugal
Mohave Valley	mohave-valley	USA
Mojave	mojave	USA
Molinicos	molinicos	Spain
Mombasa	mombasa	Kenya
Monaco	monaco	Monaco
Moncks Corner	moncks-corner	USA
Monegrillo	monegrillo	Spain
Monistrol de Montserrat	monistrol-de-montserrat	Spain
Monk Hesleden	monk-hesleden	United Kingdom
Monrovia	monrovia	USA
Montclair	montclair	USA
Monteagle-South Pittsburg	monteagle-south-pittsburg	USA
Montebello	montebello	Canada
Montepulciano	montepulciano	Italy
Monterey	monterey	USA
Monterrey	monterrey	Mexico
Montevarchi	montevarchi	Italy
Montevideo	montevideo	Uruguay
Montgomery	montgomery	USA
Monticello	monticello	USA
Montmartre	montmartre	Canada
Montoro	montoro	Spain
Montpelier	montpelier	USA
Montreal	montreal	Canada
Montrose	montrose	USA
Montrouge	montrouge	France
Montseny	montseny	Spain
Moore Park	moore-park	Australia
Moose Jaw	moose-jaw	Canada
Morcillo	morcillo	Mexico
Morella	morella	Spain
Morgantown	morgantown	USA
Moroeni	moroeni	Romania
Morristown	morristown	USA
Morrisville	morrisville	USA
Moscow	moscow	Russian Federation
Mossman	mossman	Australia
Mosta	mosta	Malta
Moulton	moulton	USA
Moweaqua	moweaqua	USA
Mt Desert	mt-desert	USA
Mt Isa City	mt-isa-city	Australia
Mt Macedon	mt-macedon	Australia
Mt Peel	mt-peel	New Zealand
Mula	mula	Spain
Mumbai	mumbai	India
Munich	munich	Germany
Mura	mura	Spain
Murcia	murcia	Spain
Murray	murray	USA
Murrysville	murrysville	USA
Mussoorie	mussoorie	India
Naftah	naftah	Tunisia
Nagoya City Nishi Ward	nagoya-city-nishi-ward	Japan
Nairobi	nairobi	Kenya
Nanjing	nanjing	China
Napa	napa	USA
Naples	naples	Italy
Nashville	nashville	USA
Nassau	nassau	The Bahamas
Navacerrada	navacerrada	Spain
Needham	needham	USA
Needles	needles	USA
Nefyn	nefyn	United Kingdom
Nerva	nerva	Spain
Neuberg im Burgenland	neuberg-im-burgenland	Austria
Nevada City	nevada-city	USA
New Delhi	new-delhi	India
New Haven	new-haven	USA
New Laguna	new-laguna	USA
New Orleans	new-orleans	USA
New Richmond	new-richmond	USA
New Rochelle	new-rochelle	USA
New Westminster	new-westminster	Canada
New Windsor	new-windsor	USA
New York	new-york	USA
Newark	newark	USA
Newberry Springs	newberry-springs	USA
Newberry-Baker	newberry-baker	USA
Newcastle Upon Tyne	newcastle-upon-tyne	United Kingdom
Newhall	newhall	USA
Newport	newport	USA
Newport Beach	newport-beach	USA
Newtown	newtown	USA
Newtown Square	newtown-square	USA
Niagara Falls	niagara-falls	USA
Nice	nice	France
N?jar	nijar	Spain
Nijlen	nijlen	Belgium
Nineveh	nineveh	USA
Nkandla Rural	nkandla-rural	South Africa
Noia	noia	Spain
Nong Bua Hi	nong-bua-hi	Thailand
Norfolk	norfolk	USA
North Andover	north-andover	USA
North Hollywood	north-hollywood	USA
North Liberty	north-liberty	USA
North Vancouver	north-vancouver	Canada
Northampton	northampton	USA
Northbrook	northbrook	USA
Northfield	northfield	USA
Northridge	northridge	USA
Northwest Marin	northwest-marin	USA
Norton	norton	United Kingdom
Norwalk	norwalk	USA
Norwich	norwich	United Kingdom
Norwood	norwood	USA
Noto	noto	Italy
Nottingham	nottingham	UK
Nowata	nowata	USA
Nuea Khlong	nuea-khlong	Thailand
Nuevo Bazt?n	nuevo-baztan	Spain
Nughedu Santa Vittoria	nughedu-santa-vittoria	Italy
Nyack	nyack	USA
O Barco de Valdeorras	o-barco-de-valdeorras	Spain
Oakland	oakland	USA
Oaxaca	oaxaca	Mexico
Oberding	oberding	Germany
Oceanside	oceanside	USA
Ochagav?a	ochagavia	Spain
Ocho Rios	ocho-rios	Jamaica
Offcote and Underwood	offcote-and-underwood	United Kingdom
Ogasawara Village	ogasawara-village	Japan
Ogden	ogden	USA
Ohakune	ohakune	New Zealand
Oirschot	oirschot	The Netherlands
Ojai	ojai	USA
Ojo Caliente	ojo-caliente	USA
Okanagan-Similkameen G	okanagan-similkameen-g	Canada
Oklahoma City	oklahoma-city	USA
Olbramovice	olbramovice	Czech Republic
Old Westbury	old-westbury	USA
Olesa de Montserrat	olesa-de-montserrat	Spain
Oliver Springs	oliver-springs	USA
Olivos	olivos	Argentina
Oljato	oljato	USA
Oljato-Monument Valley	oljato-monument-valley	USA
Ollolai	ollolai	Italy
Olula del R?o	olula-del-rio	Spain
Omaha	omaha	USA
O?ati	onati	Spain
Onibury	onibury	United Kingdom
Ontario	ontario	USA
Oporto	oporto	Portugal
Orange	orange	USA
Orangeville	orangeville	USA
Oriolo Romano	oriolo-romano	Italy
Orlando	orlando	USA
Orotava	orotava	Spain
Orton Longueville	orton-longueville	United Kingdom
Osaka City Ikuno Ward	osaka-city-ikuno-ward	Japan
Osaka City Kita Ward	osaka-city-kita-ward	Japan
Osasco	osasco	Brazil
Oshawa	oshawa	Canada
Oshkosh	oshkosh	USA
Osiyan	osiyan	India
Oslo	oslo	Norway
Ostend	ostend	Belgium
Ostrava	ostrava	Czech Republic
Osuna	osuna	Spain
Otaki	otaki	New Zealand
Ottershaw	ottershaw	United Kingdom
Ouarzazate	ouarzazate	Morocco
Ouray	ouray	USA
Ourense	ourense	Spain
Oviedo	oviedo	Spain
Oxford	oxford	USA
Oxnard	oxnard	USA
Oyster Bay	oyster-bay	USA
Pacific Grove	pacific-grove	USA
Pacoima	pacoima	USA
Paddington	paddington	United Kingdom
Pagsanjan	pagsanjan	Philippines
Paia	paia	USA
P?jara	pajara	Spain
Palafrugell	palafrugell	Spain
Palam?s	palamos	Spain
Palazzo Adriano	palazzo-adriano	Italy
Palencia	palencia	Spain
Palermo	palermo	Italy
Palm Beach	palm-beach	USA
Palm Springs	palm-springs	USA
Palmas de Gran Canaria	palmas-de-gran-canaria	Spain
Palmdale	palmdale	USA
Pamplona	pamplona	Spain
Panaji	panaji	India
Panama City Beach	panama-city-beach	USA
Pantelleria	pantelleria	Italy
Panticosa	panticosa	Spain
Paoli	paoli	USA
Papaikou	papaikou	USA
Paradise	paradise	USA
Pardina	pardina	Romania
Paris	paris	France
Park Ridge	park-ridge	USA
Parkesburg	parkesburg	USA
Parla	parla	Spain
Pasadena	pasadena	USA
Pataudi	pataudi	India
Paternoster	paternoster	South Africa
Patna	patna	India
Patrick	patrick	United Kingdom
Pedraza	pedraza	Spain
Pedrera	pedrera	Spain
Pedricktown	pedricktown	USA
Peel	peel	United Kingdom
Peenem?nde	peenemunde	Germany
Pembroke	pembroke	USA
Pembroke Dock	pembroke-dock	United Kingdom
Pe?alba	penalba	Spain
Pe??scola	peniscola	Spain
Pensacola	pensacola	USA
Peradeniya	peradeniya	Sri Lanka
Perris	perris	USA
Perryopolis	perryopolis	USA
Perth	perth	Australia
Peterborough		USA
Petermann	petermann	Australia
Petronell-Carnuntum	petronell-carnuntum	Austria
Petros	petros	USA
Pflugerville	pflugerville	USA
Philadelphia	philadelphia	USA
Phoenix	phoenix	USA
Phoenixville	phoenixville	USA
Piatra Neam?	piatra-neam?	Romania
Piedmont	piedmont	USA
Piedras Negras	piedras-negras	Mexico
Pienza	pienza	Italy
Pierre Part	pierre-part	USA
Piketberg	piketberg	South Africa
Pilisborosjen?	pilisborosjen?	Hungary
Piliyandala	piliyandala	Sri Lanka
Pinarnegrillo	pinarnegrillo	Spain
Piriapolis	piriapolis	Uruguay
Piru	piru	USA
Pittsburgh	pittsburgh	USA
Plattenburg	plattenburg	Germany
Plattsburgh	plattsburgh	USA
Playa del Carmen	playa-del-carmen	Mexico
Playa Del Rey	playa-del-rey	USA
Playas de Rosarito	playas-de-rosarito	Mexico
Ploiesti	ploiesti	Romania
Point Reyes Station	point-reyes-station	USA
Poio	poio	Spain
Polebridge	polebridge	USA
Pompei	pompei	Italy
Poplar	poplar	United Kingdom
Port Alberni	port-alberni	Canada
Port Coquitlam	port-coquitlam	Canada
Port Douglas	port-douglas	Australia
Port Hope and Hope	port-hope-and-hope	Canada
Port Jefferson	port-jefferson	USA
Port Moody	port-moody	Canada
Port St Mary	port-st-mary	United Kingdom
Port Townsend	port-townsend	USA
Port-en-Bessin-Huppain	port-en-bessin-huppain	France
Porthmadog	porthmadog	United Kingdom
Portim?o	portimao	Portugal
Portland	portland	USA
Porto Alegre	porto-alegre	Brazil
Porto do Son	porto-do-son	Spain
Porvoo	porvoo	Finland
Positano	positano	Italy
Potsdam	potsdam	Germany
Poundstock	poundstock	United Kingdom
Powder Springs	powder-springs	USA
Powerscourt Demesne	powerscourt-demesne	Ireland
Pozzuoli	pozzuoli	Italy
Prague	prague	Czech Republic
Prague 5	prague-5	Czech Republic
Prairieville	prairieville	USA
Prattville	prattville	USA
Pretoria	pretoria	South Africa
Princeton	princeton	USA
Princeville	princeville	USA
Procida	procida	Italy
Providence	providence	USA
Puerto de la Cruz	puerto-de-la-cruz	Spain
Puerto Escondido	puerto-escondido	Mexico
Puerto Vallarta	puerto-vallarta	Mexico
Puertollano	puertollano	Spain
Puigcerd?	puigcerda	Spain
Punaauia		French Polynesia
Pune	pune	India
Punkaharju	punkaharju	Finland
Punta Arenas	punta-arenas	Chile
Purmamarca	purmamarca	Argentina
Qala	qala	Malta
Quantico	quantico	USA
Quebec City	quebec-city	Canada
Queens	queens	USA
Quillota	quillota	Chile
Quincy	quincy	USA
Rabat	rabat	Malta
Radlett	radlett	UK
Ragusa	ragusa	Italy
Ramsey	ramsey	United Kingdom
Rancho Palos Verdes	rancho-palos-verdes	USA
Raton	raton	USA
Reading	reading	USA
Real de Catorce	real-de-catorce	Mexico
Red Bank	red-bank	USA
Redcross	redcross	Ireland
Redondo Beach	redondo-beach	USA
Regina	regina	Canada
Regla	regla	Cuba
Rennes	rennes	France
Reseda	reseda	USA
Retz	retz	Austria
Reus	reus	Spain
Reykjav?k	reykjavik	Iceland
Rhodes	rhodes	Greece
Rhododendron	rhododendron	USA
Rhosyr	rhosyr	United Kingdom
Rialto	rialto	USA
Richmond	richmond	United Kingdom
Ridgeland	ridgeland	USA
Rillieux-la-Pape	rillieux-la-pape	France
Rimini	rimini	Italy
Rio de Janeiro	rio-de-janeiro	Brazil
Riverside	riverside	USA
Robbinsville	robbinsville	USA
Rocca Pietore	rocca-pietore	Italy
Rochester	rochester	USA
Rock Hill	rock-hill	USA
Rockford	rockford	USA
Rockport	rockport	USA
Rodanthe	rodanthe	USA
Roland	roland	USA
Rolla	rolla	USA
Roma	roma	Australia
Romans-sur-Is?re	romans-sur-isere	France
Rome	rome	Italy
Ronda	ronda	Spain
Roquetas de Mar	roquetas-de-mar	Spain
Rosalia	rosalia	USA
Rosamond	rosamond	USA
Rosedale	rosedale	USA
Roseland	roseland	USA
Rosemead	rosemead	USA
Rosignano Marittimo	rosignano-marittimo	Italy
Roswell	roswell	USA
Rotherham	rotherham	United Kingdom
Roundwood	roundwood	Ireland
Rovaniemi	rovaniemi	Finland
Rowland Heights	rowland-heights	USA
Royal Oak	royal-oak	USA
Ruhengeri	ruhengeri	Rwanda
Rumson	rumson	USA
Rural Valley	rural-valley	USA
Russellville	russellville	USA
Rutledge	rutledge	USA
Rye	rye	USA
Sabadell	sabadell	Spain
Sachseln	sachseln	Switzerland
Sada	sada	Spain
Sag Harbor	sag-harbor	USA
Sahag?n	sahagun	Spain
Saint-Hubert		Canada
Saint-Laurent-du-Maroni	saint-laurent-du-maroni	French Guiana
Saint-Laurent-sur-Mer	saint-laurent-sur-mer	France
Saint-Nicolas	saint-nicolas	Canada
Saint-Ouen	saint-ouen	France
Salamanca	salamanca	Spain
Sal?	sale	Morocco
Salem	salem	USA
Salsomaggiore Terme	salsomaggiore-terme	Italy
Salt Lake City	salt-lake-city	USA
Salt River	salt-river	USA
Salvador	salvador	Brazil
Salvale?n	salvaleon	Spain
Salzburg	salzburg	Austria
Saman?	samana	Dominican Republic
Sami	sami	Greece
San Antonio	san-antonio	USA
San Bartolom?	san-bartolome	Spain
San Bartolom? de B?jar	san-bartolome-de-bejar	Spain
San Bartolom? de Tirajana	san-bartolome-de-tirajana	Spain
San Bernardino	san-bernardino	USA
San Bernardo	san-bernardo	Chile
San Diego	san-diego	USA
San Francisco	san-francisco	USA
San Gimignano	san-gimignano	Italy
San Gwann	san-gwann	Malta
San Ildefonso	san-ildefonso	Spain
San Juan de Aznalfarache	san-juan-de-aznalfarache	Spain
San Lorenzo de El Escorial	san-lorenzo-de-el-escorial	Spain
San Luis Potos?	san-luis-potosi	Mexico
San Marino	san-marino	USA
San Mart?n de los Andes	san-martin-de-los-andes	Argentina
San Mateo	san-mateo	USA
San Pedro	san-pedro	USA
San Pedro Garza Garc?a	san-pedro-garza-garcia	Mexico
San Quirico d'Orcia	san-quirico-dorcia	Italy
San Roque	san-roque	Spain
San Salvador de Jujuy	san-salvador-de-jujuy	Argentina
San Sebasti?n	san-sebastian	Spain
San Simeon	san-simeon	USA
San Siro	san-siro	Italy
San Vicente de la Barquera	san-vicente-de-la-barquera	Spain
Sandy Bay 5	sandy-bay-5	Canada
Sansepolcro	sansepolcro	Italy
SANT CUGAT DEL VALLES	sant-cugat-del-valles	Spain
Santa Ana	santa-ana	USA
Santa Barbara	santa-barbara	USA
Santa Catarina	santa-catarina	Mexico
Santa Clarita	santa-clarita	USA
Santa Coloma de Queralt	santa-coloma-de-queralt	Spain
Santa Cruz	santa-cruz	USA
Santa Fe	santa-fe	USA
Santa Flavia	santa-flavia	Italy
Santa Monica	santa-monica	USA
Santa Pola	santa-pola	Spain
Santa Rosa	santa-rosa	USA
Santa Rosa Beach	santa-rosa-beach	USA
Santa Ynez	santa-ynez	USA
Santander	santander	Spain
Santiago Papasquiaro	santiago-papasquiaro	Mexico
Santo Domingo Pueblo	santo-domingo-pueblo	USA
S?o Bernardo do Campo	sao-bernardo-do-campo	Brazil
S?o Paulo	sao-paulo	Brazil
Sapulpa	sapulpa	USA
Saragossa	saragossa	Spain
Sarasota	sarasota	USA
Sau Mau Ping	sau-mau-ping	Hong Kong
Sausalito	sausalito	USA
Savannah	savannah	USA
Savoca	savoca	Italy
Sayulita	sayulita	Mexico
Schkeuditz	schkeuditz	Germany
Scicli	scicli	Italy
Scranton	scranton	USA
Sea Cliff	sea-cliff	USA
Seaside	seaside	USA
Seattle	seattle	USA
Seaview	seaview	New Zealand
Segovia	segovia	Spain
Sellack	sellack	United Kingdom
Seltjarnarnes	seltjarnarnes	Iceland
Sen?s	senes	Spain
Senlis	senlis	France
Seoul	seoul	South Korea
Sep?lveda	sepulveda	Spain
Serrara Fontana	serrara-fontana	Italy
Sese?a	sesena	Spain
Sevilla	sevilla	
Seville	seville	Spain
Sh?nai Town	sh?nai-town	Japan
Shanghai	shanghai	China
Shap Rural	shap-rural	United Kingdom
Sharon	sharon	USA
Shaver Lake	shaver-lake	USA
Shelly Bay	shelly-bay	New Zealand
Shenley Brook End	shenley-brook-end	United Kingdom
Sherbrooke	sherbrooke	Canada
Sheridan	sheridan	USA
Shibuya Ward	shibuya-ward	Japan
Shinjuku Ward	shinjuku-ward	Japan
Shiprock	shiprock	USA
Shreveport	shreveport	USA
Si Sunthon	si-sunthon	Thailand
Sibiu		Romania
Sibley	sibley	USA
Siem Reap	siem-reap	Cambodia
Sienna	sienna	Italy
Siero	siero	Spain
Sierra Madre	sierra-madre	USA
Sig?enza	siguenza	Spain
Sikou Township	sikou-township	Taiwan
Silver Bay	silver-bay	USA
Simi Valley	simi-valley	USA
Sisters	sisters	USA
Sitges	sitges	Spain
Skopelos	skopelos	Greece
Skopje	skopje	Macedonia
Smith-Ennismore-Lakefield	smith-ennismore-lakefield	Canada
Smithville	smithville	USA
Solvang	solvang	USA
Sonora	sonora	USA
Soria	soria	Spain
Sorocaba	sorocaba	Brazil
Sorrento	sorrento	Italy
Sort	sort	Spain
Sos del Rey Cat?lico	sos-del-rey-catolico	Spain
Sousse	sousse	Tunisia
South Amboy	south-amboy	USA
South Broken Hill	south-broken-hill	Australia
South Hamilton	south-hamilton	USA
South Pasadena	south-pasadena	USA
South Wales	south-wales	USA
Southampton	southampton	United Kingdom
Southington	southington	USA
Southport	southport	USA
Speldhurst	speldhurst	United Kingdom
Spokane	spokane	USA
Springhill	springhill	USA
Sproxton	sproxton	United Kingdom
St Adri? de Bes?s	st-adria-de-besos	Spain
St Augustine	st-augustine	USA
St Carles de la R?pita	st-carles-de-la-rapita	Spain
St Clair	st-clair	Trinidad and Tobago
St Cloud	st-cloud	USA
St Cugat del Vall?s	st-cugat-del-valles	Spain
St Cuthbert Out	st-cuthbert-out	United Kingdom
St Francisville	st-francisville	USA
St Helena	st-helena	USA
St Jaume d'Enveja	st-jaume-denveja	Spain
St Joan Desp?	st-joan-despi	Spain
St Johns	st-johns	United Kingdom
St Louis	st-louis	USA
St Martins Without	st-martins-without	United Kingdom
St Michaels	st-michaels	USA
St Minver Highlands	st-minver-highlands	United Kingdom
St Paul	st-paul	USA
St Pere de Ribes	st-pere-de-ribes	Spain
St Petersburg	st-petersburg	Russia
Staines	staines	United Kingdom
Stamford	stamford	USA
Stanford Rivers	stanford-rivers	United Kingdom
Stanley	stanley	Falkland Islands
Stanstead	stanstead	Canada
Staten Island	staten-island	USA
Statesboro	statesboro	USA
Steubenville	steubenville	USA
Stevens Point	stevens-point	USA
Stirling	stirling	Australia
Stockholm	stockholm	Sweden
Stogursey	stogursey	United Kingdom
Stoke Poges	stoke-poges	United Kingdom
Strang	strang	United Kingdom
Strasbourg	strasbourg	France
Stratford	stratford	New Zealand
Strathalbyn	strathalbyn	Australia
Strawn	strawn	USA
Struthers	struthers	USA
Studio City	studio-city	USA
Sturgis	sturgis	USA
Sublimity	sublimity	USA
Sudanell	sudanell	Spain
Sudbury	sudbury	USA
Sudbury, Unorganized, North Part	sudbury,-unorganized,-north-part	Canada
Sugar Land	sugar-land	USA
Sulmona	sulmona	Italy
Sun Valley	sun-valley	USA
Surat	surat	India
Surrey	surrey	Canada
Sutton	sutton	United Kingdom
Sydney	sydney	Australia
Sylmar	sylmar	USA
Syracuse		Italy
Tabacal	tabacal	Venezuela
Tabernas	tabernas	Spain
T?bor	tabor	Czech Republic
Tacoma	tacoma	USA
Tai Tam	tai-tam	Hong Kong
Tai Wai	tai-wai	Hong Kong
Taiji Town	taiji-town	Japan
Taipa	taipa	Macau
Tait? Ward	tait?-ward	Japan
Talat Yot	talat-yot	Thailand
Tallassee	tallassee	USA
Tallinn	tallinn	Estonia
Tanah Rata	tanah-rata	Malaysia
Tangier	tangier	Morocco
Taormina	taormina	Italy
Taos	taos	USA
Taranto	taranto	Italy
Tarifa	tarifa	Spain
Tarragona	tarragona	Spain
Tartu	tartu	Estonia
Tarzana	tarzana	USA
Tatton	tatton	United Kingdom
Tavertet	tavertet	Spain
Tawe-Uchaf	tawe-uchaf	United Kingdom
Tayahatun	tayahatun	Turkey
Taylor	taylor	USA
Teaneck	teaneck	USA
Tehran	tehran	Iran
Tehuixtla	tehuixtla	Mexico
Tel Aviv	tel-aviv	Israel
Tempe	tempe	USA
Temuco	temuco	Chile
Terni	terni	Italy
Terrassa	terrassa	Spain
Terschelling	terschelling	The Netherlands
The Creagh	the-creagh	United Kingdom
The Rocks	the-rocks	Australia
Thionville	thionville	France
Thira	thira	Greece
Thompson-Nicola M	thompson-nicola-m	Canada
Thousand Oaks	thousand-oaks	USA
Tianjin	tianjin	China
Tienen	tienen	Belgium
Tijuana	tijuana	Mexico
Tinajo	tinajo	Spain
Tipperary	tipperary	Ireland
Tlaxcala	tlaxcala	Mexico
Tlayacapan	tlayacapan	Mexico
Toccoa	toccoa	USA
Toledo	toledo	Spain
Tollerton	tollerton	United Kingdom
Tomares	tomares	Spain
Tongariro National Park	tongariro-national-park	New Zealand
Toronto	toronto	Canada
Torrance	torrance	USA
Torrej?n del Rey	torrejon-del-rey	Spain
Torremolinos	torremolinos	Spain
Torre?n Municipality	torreon-municipality	Mexico
Tortosa	tortosa	Spain
Tossa de Mar	tossa-de-mar	Spain
Tottenham	tottenham	United Kingdom
Tournai	tournai	Belgium
Townsend	townsend	USA
Township of Crescent	township-of-crescent	USA
Trani	trani	Italy
Trebujena	trebujena	Spain
Trelew	trelew	Argentina
Tres Palos	tres-palos	Mexico
Treviso	treviso	Italy
Triengen	triengen	Switzerland
Trollh?ttan Municipality	trollhattan-municipality	Sweden
Truchas	truchas	USA
Trujillo	trujillo	Peru
Trumbull	trumbull	USA
Tsawwassen	tsawwassen	Canada
Tsim Sha Tsui	tsim-sha-tsui	Hong Kong
Tucson	tucson	USA
Tudela	tudela	Spain
Tujunga	tujunga	USA
Tulsa	tulsa	USA
Tulum	tulum	Mexico
Tunis	tunis	Tunisia
Tur?gano	turegano	Spain
Turin	turin	Italy
Turku	turku	Finland
Tuscaloosa	tuscaloosa	USA
Twentynine Palms-Morongo Valley	twentynine-palms-morongo-valley	USA
Twizel	twizel	New Zealand
Tybee Island	tybee-island	USA
?beda	ubeda	Spain
?car	ucar	Spain
Ucl?s	ucles	Spain
Udaipur	udaipur	India
?jezd u Svat?ho K???e	ujezd-u-svateho-k?i?e	Czech Republic
Ullern	ullern	Norway
Uluru	uluru	Australia
University of Melbourne	university-of-melbourne	Australia
Unna	unna	Germany
Upper Hutt	upper-hutt	New Zealand
Upperco	upperco	USA
Valdemoro	valdemoro	Spain
Vald?s	valdes	Spain
Valdovi?o	valdovino	Spain
Valencia	valencia	Spain
Valentine	valentine	USA
Valhalla	valhalla	USA
Vall de Bo?	vall-de-boi	Spain
Valle de Hecho	valle-de-hecho	Spain
Vall?s	valles	Spain
Valletta	valletta	Malta
Van Nuys	van-nuys	USA
Vancouver	vancouver	Canada
Varna Municipality	varna-municipality	Bulgaria
Varnville	varnville	USA
Vatican City	vatican-city	Vatican City
Vaucluse	vaucluse	Australia
Vaughan	vaughan	Canada
Vaughn	vaughn	USA
Vaux-sur-Seine	vaux-sur-seine	France
Vedra	vedra	Spain
Vejer de la Frontera	vejer-de-la-frontera	Spain
Venice	venice	Italy
Ventura	ventura	USA
Venus	venus	USA
Veracruz	veracruz	Mexico
Vergennes	vergennes	USA
Vernon Hills	vernon-hills	USA
Versailles	versailles	France
Vetrn?	vetrni	Czech Republic
Vic	vic	Spain
Vicente Guerrero	vicente-guerrero	Mexico
Victoria de Durango	victoria-de-durango	Mexico
Victorville	victorville	USA
Vienna	vienna	Austria
Vigo	vigo	Spain
Vilafranca del Pened?s	vilafranca-del-penedes	Spain
Vilanova i la Geltr?	vilanova-i-la-geltru	Spain
Villabona	villabona	Spain
Villanova	villanova	USA
Villefranche-sur-Mer	villefranche-sur-mer	France
Vineyard Haven	vineyard-haven	USA
Virginia Beach	virginia-beach	USA
Virginia Water	virginia-water	United Kingdom
Visalia	visalia	USA
Visso	visso	Italy
Viterbo	viterbo	Italy
Volpago del Montello	volpago-del-montello	Italy
Waarschoot	waarschoot	Belgium
Wahiawa	wahiawa	USA
Waimanalo	waimanalo	USA
Waipio Acres	waipio-acres	USA
Wakita	wakita	USA
Wall	wall	USA
Wallace	wallace	USA
Walterboro	walterboro	USA
Walterville	walterville	USA
Waltham Abbey	waltham-abbey	United Kingdom
Walthamstow	walthamstow	United Kingdom
Wanaka	wanaka	New Zealand
Wandsworth	wandsworth	United Kingdom
Wansford	wansford	United Kingdom
Warner County No. 5	warner-county-no.-5	Canada
Warren	warren	USA
Wartburg	wartburg	USA
Warwick	warwick	USA
Washington	washington	USA
Washougal	washougal	USA
Wat Tha Phra	wat-tha-phra	Thailand
Waterloo	waterloo	USA
Watermill	watermill	USA
Wauconda	wauconda	USA
Weirton	weirton	USA
Wellesley	wellesley	USA
Wellington	wellington	New Zealand
Wendover	wendover	USA
Werkendam	werkendam	The Netherlands
West Glacier	west-glacier	USA
West Haakon	west-haakon	USA
West Haven	west-haven	USA
West Hollywood	west-hollywood	USA
Westerland	westerland	Germany
Westlake Village	westlake-village	USA
Westmont	westmont	USA
Weston-Super-Mare	weston-super-mare	United Kingdom
Wetumpka	wetumpka	USA
Wexham	wexham	United Kingdom
Wheeling	wheeling	USA
White Plains	white-plains	USA
Whitianga	whitianga	New Zealand
Wicklow	wicklow	Ireland
Williams	williams	USA
Williamstown	williamstown	Australia
Wilmette	wilmette	USA
Wilmington	wilmington	USA
Winnetka	winnetka	USA
Winnipeg	winnipeg	Canada
Winter Garden	winter-garden	USA
Winterhaven	winterhaven	USA
Winterset	winterset	USA
Wisley	wisley	United Kingdom
Woodland Hills	woodland-hills	USA
Woodstock	woodstock	USA
Woonsocket	woonsocket	USA
Wootton Courtenay	wootton-courtenay	United Kingdom
Wrightsville Beach	wrightsville-beach	USA
Wye Creek	wye-creek	New Zealand
Wynnewood	wynnewood	USA
Yaiza	yaiza	Spain
Yakutat	yakutat	USA
Yellowstone National Park	yellowstone-national-park	USA
Yonkers	yonkers	USA
York	york	USA
Youghal	youghal	Ireland
Young	young	USA
Youngs Point	youngs-point	Canada
Zafra	zafra	Spain
Zagorje ob Savi	zagorje-ob-savi	Slovenia
Zamora	zamora	Spain
Zia Pueblo	zia-pueblo	USA
Zurich	zurich	Switzerland
?stersund Municipality	ostersund-municipality	Sweden